0,0.5,1,1.5,2,2.5,3,3.5,4,4.5,5,5.5,6,6.5,7,7.5,8,8.5,9,9.5,10,10.5,11,11.5,12
147,116,108,110,109,105,107,107,113,123,172,292,540,865,1276,1637,1988,2298,2515,2731,2865,2876,3044,3034,3248
139,110,108,107,103,109,106,106,102,114,137,229,422,765,1084,1438,1798,2025,2233,2475,2739,2848,2978,3047,3101
142,118,114,116,112,111,105,110,109,105,108,111,124,220,322,432,550,733,940,1159,1336,1570,1815,1959,2147
146,121,112,108,98,103,100,106,103,104,97,106,105,103,108,139,212,387,681,1096,1415,1846,2185,2329,2497
141,120,114,105,113,110,108,101,105,103,107,107,137,261,509,878,1248,1589,1918,2139,2333,2457,2611,2782,2687
149,110,112,111,104,107,107,105,104,108,107,108,116,132,236,466,811,1125,1410,1573,1757,1760,1900,1948,2057
165,128,124,118,109,113,108,108,110,111,103,106,105,109,134,203,341,642,1031,1370,1677,2066,2240,2383,2526
136,117,115,109,103,112,105,103,105,106,107,100,101,112,110,120,184,305,532,813,1090,1379,1641,1854,1930
146,120,119,111,108,107,106,110,109,104,100,102,102,107,108,109,108,102,105,101,105,127,145,288,486
150,125,116,117,115,110,104,106,110,112,104,111,110,103,106,131,179,331,655,1045,1491,1750,2120,2367,2365
139,123,116,109,111,108,104,110,108,117,108,104,107,109,102,105,106,117,149,203,330,609,951,1373,1708
146,119,115,114,113,112,113,112,112,110,106,108,106,105,105,109,116,135,230,411,743,1120,1476,1855,2154
144,129,119,114,113,114,107,105,108,109,104,108,108,107,105,105,103,106,105,104,99,103,102,106,103
145,118,118,108,116,114,106,106,108,106,105,110,109,104,110,109,110,99,101,109,110,113,105,118,186
158,124,119,119,114,117,105,106,112,110,109,107,112,107,106,107,109,109,109,103,109,109,112,108,105
146,124,108,112,103,109,104,106,105,106,103,103,101,103,99,104,103,100,106,111,144,202,343,489,574
155,126,118,112,115,110,106,112,110,106,108,110,108,110,107,99,109,109,105,107,102,108,113,110,126
157,129,116,119,113,114,113,113,120,110,108,120,106,109,113,114,113,109,102,112,104,108,107,108,113
,,,,,,,,,,,,,,,,,,,,,,,,
,,,,,,,,,,,,,,,,,,,,,,,,
,,,,,,,,,,,,,,,,,,,,,,,,
,,,,,,,,,,,,,,,,,,,,,,,,
,,,,,,,,,,,,,,,,,,,,,,,,
,,,,,,,,,,,,,,,,,,,,,,,,
,,,,,,,,,,,,,,,,,,,,,,,,
,,,,,,,,,,,,,,,,,,,,,,,,
,,,,,,,,,,,,,,,,,,,,,,,,
,,,,,,,,,,,,,,,,,,,,,,,,
,,,,,,,,,,,,,,,,,,,,,,,,
,,,,,,,,,,,,,,,,,,,,,,,,
,,,,,,,,,,,,,,,,,,,,,,,,
,,,,,,,,,,,,,,,,,,,,,,,,
,,,,,,,,,,,,,,,,,,,,,,,,
,,,,,,,,,,,,,,,,,,,,,,,,
,,,,,,,,,,,,,,,,,,,,,,,,
,,,,,,,,,,,,,,,,,,,,,,,,
,,,,,,,,,,,,,,,,,,,,,,,,
,,,,,,,,,,,,,,,,,,,,,,,,
,,,,,,,,,,,,,,,,,,,,,,,,
,,,,,,,,,,,,,,,,,,,,,,,,
,,,,,,,,,,,,,,,,,,,,,,,,
,,,,,,,,,,,,,,,,,,,,,,,,
,,,,,,,,,,,,,,,,,,,,,,,,
,,,,,,,,,,,,,,,,,,,,,,,,
,,,,,,,,,,,,,,,,,,,,,,,,
,,,,,,,,,,,,,,,,,,,,,,,,
,,,,,,,,,,,,,,,,,,,,,,,,
,,,,,,,,,,,,,,,,,,,,,,,,
,,,,,,,,,,,,,,,,,,,,,,,,
,,,,,,,,,,,,,,,,,,,,,,,,
,,,,,,,,,,,,,,,,,,,,,,,,
,,,,,,,,,,,,,,,,,,,,,,,,
,,,,,,,,,,,,,,,,,,,,,,,,
,,,,,,,,,,,,,,,,,,,,,,,,